Dataset,Algorithm,Run_ID,Best_Fitness,Info_Loss,Accuracy_Original,Accuracy_After,Execution_Time_s,K_Violations,L_Violations,Iterations,Success,Solution_Vector
italia,ARO-APO,7,105.0,0.5,0.15,0.2,53.10283899307251,0,0,1,1,"[1, 3, 5]"
italia,ARO-APO,6,105.0,0.5,0.15,0.2,54.53031039237976,0,0,1,1,"[1, 3, 5]"
italia,ARO-APO,5,105.0,0.5,0.15,0.2,62.36734127998352,0,0,2,1,"[1, 3, 5]"
italia,ARO-APO,9,105.0,0.5,0.15,0.2,62.62143158912659,0,0,2,1,"[1, 3, 5]"
italia,ARO-APO,2,105.0,0.5,0.15,0.2,62.902321100234985,0,0,2,1,"[1, 3, 5]"
italia,ARO-APO,1,105.0,0.5,0.15,0.2,72.53157496452332,0,0,4,1,"[1, 3, 5]"
italia,ARO-APO,3,105.0,0.5,0.15,0.2,73.75276947021484,0,0,4,1,"[1, 3, 5]"
italia,ARO-APO,4,105.0,0.5,0.15,0.2,75.31261968612671,0,0,5,1,"[1, 3, 5]"
italia,ARO-APO,10,105.0,0.5,0.15,0.2,93.96191787719728,0,0,8,1,"[1, 3, 5]"
italia,ARO-APO,8,105.0,0.5,0.15,0.2,102.72750902175903,0,0,10,1,"[1, 3, 5]"
italia,ARO-APO,13,105.0,0.5,0.15,0.2,54.65588569641113,0,0,1,1,"[1, 3, 5]"
italia,ARO-APO,15,105.0,0.5,0.15,0.2,64.58987832069397,0,0,2,1,"[1, 3, 5]"
italia,ARO-APO,18,105.0,0.5,0.15,0.2,54.77909755706787,0,0,1,1,"[1, 3, 5]"
italia,ARO-APO,14,105.0,0.5,0.15,0.2,73.65235352516174,0,0,4,1,"[1, 3, 5]"
italia,ARO-APO,17,105.0,0.5,0.15,0.2,64.2013611793518,0,0,2,1,"[1, 3, 5]"
italia,ARO-APO,11,105.0,0.5,0.15,0.2,86.11582970619202,0,0,6,1,"[1, 3, 5]"
italia,ARO-APO,12,105.0,0.5,0.15,0.2,86.42435789108276,0,0,6,1,"[1, 3, 5]"
italia,ARO-APO,16,105.0,0.5,0.15,0.2,85.31589770317078,0,0,6,1,"[1, 3, 5]"
italia,ARO-APO,22,105.0,0.5,0.15,0.2,55.10836982727051,0,0,1,1,"[1, 3, 5]"
italia,ARO-APO,26,105.0,0.5,0.15,0.2,54.42753076553345,0,0,1,1,"[1, 3, 5]"
italia,ARO-APO,23,105.0,0.5,0.15,0.2,64.47217726707458,0,0,2,1,"[1, 3, 5]"
italia,ARO-APO,20,105.0,0.5,0.15,0.2,94.79631543159483,0,0,8,1,"[1, 3, 5]"
italia,ARO-APO,19,105.0,0.5,0.15,0.2,106.3439588546753,0,0,10,1,"[1, 3, 5]"
italia,ARO-APO,25,105.0,0.5,0.15,0.2,66.20407199859619,0,0,3,1,"[1, 3, 5]"
italia,ARO-APO,24,105.0,0.5,0.15,0.2,75.42331504821777,0,0,4,1,"[1, 3, 5]"
italia,ARO-APO,21,105.0,0.5,0.15,0.2,99.3707480430603,0,0,9,1,"[1, 3, 5]"
italia,GA,1,105.0,0.5,0.15,0.2,32.31817889213562,0,0,3,1,"[1, 3, 5]"
italia,GA,3,105.0,0.5,0.15,0.2,29.65108299255371,0,0,2,1,"[1, 3, 5]"
italia,GA,2,105.0,0.5,0.15,0.2,34.26826214790344,0,0,4,1,"[1, 3, 5]"
italia,GA,4,105.0,0.5,0.15,0.2,27.427673816680908,0,0,1,1,"[1, 3, 5]"
italia,ARO-APO,28,105.0,0.5,0.15,0.2,75.54804277420044,0,0,4,1,"[1, 3, 5]"
italia,GA,5,105.0,0.5,0.15,0.2,29.948859691619877,0,0,2,1,"[1, 3, 5]"
italia,ARO-APO,27,105.0,0.5,0.15,0.2,105.77782726287842,0,0,10,1,"[1, 3, 5]"
italia,GA,6,105.0,0.5,0.15,0.2,37.11584329605103,0,0,5,1,"[1, 3, 5]"
italia,GA,7,105.0,0.5,0.15,0.2,27.25818133354187,0,0,1,1,"[1, 3, 5]"
italia,GA,11,105.0,0.5,0.15,0.2,29.37401962280273,0,0,2,1,"[1, 3, 5]"
italia,GA,8,105.0,0.5,0.15,0.2,37.045690059661865,0,0,5,1,"[1, 3, 5]"
italia,GA,10,105.0,0.5,0.15,0.2,36.856125831604,0,0,5,1,"[1, 3, 5]"
italia,ARO-APO,30,105.0,0.5,0.15,0.2,75.73854875564575,0,0,4,1,"[1, 3, 5]"
italia,ARO-APO,29,105.0,0.5,0.15,0.2,87.16647577285767,0,0,6,1,"[1, 3, 5]"
italia,GA,12,105.0,0.5,0.15,0.2,29.51047253608704,0,0,2,1,"[1, 3, 5]"
italia,GA,9,105.0,0.5,0.15,0.2,44.09009599685669,0,0,8,1,"[1, 3, 5]"
italia,GA,15,105.0,0.5,0.15,0.2,27.01178359985352,0,0,1,1,"[1, 3, 5]"
italia,GA,13,105.0,0.5,0.15,0.2,47.12973856925965,0,0,9,1,"[1, 3, 5]"
italia,GA,16,105.0,0.5,0.15,0.2,32.49530935287476,0,0,3,1,"[1, 3, 5]"
italia,GA,14,105.0,0.5,0.15,0.2,42.32714366912842,0,0,7,1,"[1, 3, 5]"
italia,GA,18,105.0,0.5,0.15,0.2,32.40363645553589,0,0,3,1,"[1, 3, 5]"
italia,GA,20,105.0,0.5,0.15,0.2,32.32130002975464,0,0,3,1,"[1, 3, 5]"
italia,GA,21,105.0,0.5,0.15,0.2,32.20883560180664,0,0,3,1,"[1, 3, 5]"
italia,GA,17,105.0,0.5,0.15,0.2,37.21740579605103,0,0,5,1,"[1, 3, 5]"
italia,GA,19,105.0,0.5,0.15,0.2,42.36773443222046,0,0,7,1,"[1, 3, 5]"
italia,GA,22,105.0,0.5,0.15,0.2,41.94867157936096,0,0,7,1,"[1, 3, 5]"
italia,GA,23,105.0,0.5,0.15,0.2,39.49808692932129,0,0,6,1,"[1, 3, 5]"
italia,GA,24,105.0,0.5,0.15,0.2,27.22656011581421,0,0,1,1,"[1, 3, 5]"
italia,GA,25,105.0,0.5,0.15,0.2,29.40027332305908,0,0,2,1,"[1, 3, 5]"
italia,GA,28,105.0,0.5,0.15,0.2,32.16136646270752,0,0,3,1,"[1, 3, 5]"
italia,GA,26,105.0,0.5,0.15,0.2,39.916062116622925,0,0,6,1,"[1, 3, 5]"
italia,GA,27,105.0,0.5,0.15,0.2,39.72307968139648,0,0,6,1,"[1, 3, 5]"
italia,PSO,1,107.77777777777776,0.5555555555555555,0.15,0.2,29.45884108543396,0,0,2,1,"[1, 3, 6]"
italia,PSO,4,105.0,0.5,0.15,0.2,27.418452501297,0,0,1,1,"[1, 3, 5]"
italia,GA,30,105.0,0.5,0.15,0.2,50.073301792144775,0,0,10,1,"[1, 3, 5]"
italia,GA,29,105.0,0.5,0.15,0.2,51.94911956787109,0,0,11,1,"[1, 3, 5]"
italia,PSO,3,105.0,0.5,0.15,0.2,40.08632636070252,0,0,6,1,"[1, 3, 5]"
italia,PSO,2,105.0,0.5,0.15,0.2,44.76168584823608,0,0,8,1,"[1, 3, 5]"
italia,PSO,6,105.0,0.5,0.15,0.2,29.9063732624054,0,0,2,1,"[1, 3, 5]"
italia,PSO,7,105.0,0.5,0.15,0.2,29.90495729446411,0,0,2,1,"[1, 3, 5]"
italia,PSO,8,105.0,0.5,0.15,0.2,30.07734727859497,0,0,2,1,"[1, 3, 5]"
italia,PSO,5,105.0,0.5,0.15,0.2,49.85636854171753,0,0,10,1,"[1, 3, 5]"
italia,PSO,9,105.0,0.5,0.15,0.2,34.826300382614136,0,0,4,1,"[1, 3, 5]"
italia,PSO,10,105.0,0.5,0.15,0.2,29.94837164878845,0,0,2,1,"[1, 3, 5]"
italia,PSO,11,105.0,0.5,0.15,0.2,35.56633543968201,0,0,4,1,"[1, 3, 5]"
italia,PSO,13,105.0,0.5,0.15,0.2,30.9216787815094,0,0,2,1,"[1, 3, 5]"
italia,PSO,14,105.0,0.5,0.15,0.2,30.97586488723755,0,0,2,1,"[1, 3, 5]"
italia,PSO,15,105.0,0.5,0.15,0.2,31.355483531951904,0,0,2,1,"[1, 3, 5]"
italia,PSO,12,105.0,0.5,0.15,0.2,40.975507736206055,0,0,6,1,"[1, 3, 5]"
italia,PSO,16,105.0,0.5,0.15,0.2,30.9941041469574,0,0,2,1,"[1, 3, 5]"
italia,PSO,19,105.0,0.5,0.15,0.2,31.626771688461304,0,0,2,1,"[1, 3, 5]"
italia,PSO,18,105.0,0.5,0.15,0.2,33.93732833862305,0,0,3,1,"[1, 3, 5]"
italia,PSO,21,107.77777777777776,0.5555555555555555,0.15,0.2,31.38278150558472,0,0,2,1,"[1, 4, 5]"
italia,PSO,22,105.0,0.5,0.15,0.2,31.3265073299408,0,0,2,1,"[1, 3, 5]"
italia,PSO,25,105.0,0.5,0.15,0.2,28.333265781402588,0,0,1,1,"[1, 3, 5]"
italia,PSO,26,105.0,0.5,0.15,0.2,28.446144580841064,0,0,1,1,"[1, 3, 5]"
italia,PSO,17,105.0,0.5,0.15,0.2,54.57225036621094,0,0,11,1,"[1, 3, 5]"
italia,PSO,24,105.0,0.5,0.15,0.2,30.899376392364506,0,0,2,1,"[1, 3, 5]"
italia,PSO,27,105.0,0.5,0.15,0.2,24.779274463653564,0,0,1,1,"[1, 3, 5]"
italia,PSO,20,105.0,0.5,0.15,0.2,55.54814195632935,0,0,13,1,"[1, 3, 5]"
italia,PSO,23,105.0,0.5,0.15,0.2,44.22908568382263,0,0,10,1,"[1, 3, 5]"
italia,PSO,30,105.0,0.5,0.15,0.2,19.77842378616333,0,0,2,1,"[1, 3, 5]"
italia,PSO,29,105.0,0.5,0.15,0.2,24.938798189163208,0,0,5,1,"[1, 3, 5]"
italia,PSO,28,105.0,0.5,0.15,0.2,37.80102777481079,0,0,10,1,"[1, 3, 5]"
cmc,ARO-APO,1,36.04519774011299,0.6666666666666666,0.9593220338983052,0.9728813559322034,90.10676074028017,0,0,1,1,"[2, 2, 2]"
cmc,ARO-APO,7,36.04519774011299,0.6666666666666666,0.9593220338983052,0.9728813559322034,90.87084627151488,0,0,1,1,"[2, 2, 2]"
cmc,ARO-APO,9,36.04519774011299,0.6666666666666666,0.9593220338983052,0.9728813559322034,91.01691603660583,0,0,1,1,"[2, 2, 2]"
cmc,ARO-APO,6,36.04519774011299,0.6666666666666666,0.9593220338983052,0.9728813559322034,92.2076690196991,0,0,1,1,"[2, 2, 2]"
cmc,ARO-APO,5,36.04519774011299,0.6666666666666666,0.9593220338983052,0.9728813559322034,112.5167977809906,0,0,2,1,"[2, 2, 2]"
cmc,ARO-APO,2,36.04519774011299,0.6666666666666666,0.9593220338983052,0.9728813559322034,128.97026896476746,0,0,4,1,"[2, 2, 2]"
cmc,ARO-APO,10,36.04519774011299,0.6666666666666666,0.9593220338983052,0.9728813559322034,149.36051964759827,0,0,6,1,"[2, 2, 2]"
cmc,ARO-APO,3,36.04519774011299,0.6666666666666666,0.9593220338983052,0.9728813559322034,168.84523606300354,0,0,8,1,"[2, 2, 2]"
cmc,ARO-APO,4,36.04519774011299,0.6666666666666666,0.9593220338983052,0.9728813559322034,171.5345802307129,0,0,9,1,"[2, 2, 2]"
cmc,ARO-APO,8,36.04519774011299,0.6666666666666666,0.9593220338983052,0.9728813559322034,185.60035037994385,0,0,10,1,"[2, 2, 2]"
cmc,ARO-APO,12,36.04519774011299,0.6666666666666666,0.9593220338983052,0.9728813559322034,97.03494143486024,0,0,1,1,"[2, 2, 2]"
cmc,ARO-APO,14,36.04519774011299,0.6666666666666666,0.9593220338983052,0.9728813559322034,115.19180631637572,0,0,2,1,"[2, 2, 2]"
cmc,ARO-APO,13,36.04519774011299,0.6666666666666666,0.9593220338983052,0.9728813559322034,117.712016582489,0,0,2,1,"[2, 2, 2]"
cmc,ARO-APO,15,36.04519774011299,0.6666666666666666,0.9593220338983052,0.9728813559322034,97.7533392906189,0,0,1,1,"[2, 2, 2]"
cmc,ARO-APO,16,36.04519774011299,0.6666666666666666,0.9593220338983052,0.9728813559322034,96.69591188430786,0,0,1,1,"[2, 2, 2]"
cmc,ARO-APO,11,36.04519774011299,0.6666666666666666,0.9593220338983052,0.9728813559322034,175.00254344940186,0,0,8,1,"[2, 2, 2]"
cmc,ARO-APO,17,36.04519774011299,0.6666666666666666,0.9593220338983052,0.9728813559322034,116.69317746162416,0,0,2,1,"[2, 2, 2]"
cmc,ARO-APO,19,36.04519774011299,0.6666666666666666,0.9593220338983052,0.9728813559322034,98.89585494995116,0,0,1,1,"[2, 2, 2]"
cmc,ARO-APO,21,36.04519774011299,0.6666666666666666,0.9593220338983052,0.9728813559322034,97.06560397148132,0,0,1,1,"[2, 2, 2]"
cmc,ARO-APO,22,36.04519774011299,0.6666666666666666,0.9593220338983052,0.9728813559322034,97.35069227218628,0,0,1,1,"[2, 2, 2]"
cmc,ARO-APO,23,36.04519774011299,0.6666666666666666,0.9593220338983052,0.9728813559322034,97.2153778076172,0,0,1,1,"[2, 2, 2]"
cmc,ARO-APO,24,36.04519774011299,0.6666666666666666,0.9593220338983052,0.9728813559322034,96.8656883239746,0,0,1,1,"[2, 2, 2]"
cmc,ARO-APO,20,36.04519774011299,0.6666666666666666,0.9593220338983052,0.9728813559322034,133.3010115623474,0,0,4,1,"[2, 2, 2]"
cmc,ARO-APO,25,36.04519774011299,0.6666666666666666,0.9593220338983052,0.9728813559322034,96.92043542861938,0,0,1,1,"[2, 2, 2]"
cmc,ARO-APO,18,36.04519774011299,0.6666666666666666,0.9593220338983052,0.9728813559322034,156.2723536491394,0,0,7,1,"[2, 2, 2]"
cmc,GA,1,36.04519774011299,0.6666666666666666,0.9593220338983052,0.9728813559322034,45.741244077682495,0,0,1,1,"[2, 2, 2]"
cmc,GA,2,36.04519774011299,0.6666666666666666,0.9593220338983052,0.9728813559322034,45.31280064582825,0,0,1,1,"[2, 2, 2]"
cmc,GA,3,36.04519774011299,0.6666666666666666,0.9593220338983052,0.9728813559322034,45.65200424194336,0,0,1,1,"[2, 2, 2]"
cmc,ARO-APO,28,36.04519774011299,0.6666666666666666,0.9593220338983052,0.9728813559322034,96.82581925392152,0,0,1,1,"[2, 2, 2]"
cmc,GA,5,36.04519774011299,0.6666666666666666,0.9593220338983052,0.9728813559322034,45.375519037246704,0,0,1,1,"[2, 2, 2]"
cmc,GA,4,36.04519774011299,0.6666666666666666,0.9593220338983052,0.9728813559322034,49.559664487838745,0,0,2,1,"[2, 2, 2]"
cmc,ARO-APO,26,36.04519774011299,0.6666666666666666,0.9593220338983052,0.9728813559322034,110.5422773361206,0,0,2,1,"[2, 2, 2]"
cmc,ARO-APO,27,36.04519774011299,0.6666666666666666,0.9593220338983052,0.9728813559322034,111.12457132339478,0,0,2,1,"[2, 2, 2]"
cmc,ARO-APO,29,36.04519774011299,0.6666666666666666,0.9593220338983052,0.9728813559322034,96.61213493347168,0,0,1,1,"[2, 2, 2]"
cmc,GA,7,36.04519774011299,0.6666666666666666,0.9593220338983052,0.9728813559322034,45.80865049362183,0,0,1,1,"[2, 2, 2]"
cmc,GA,6,36.04519774011299,0.6666666666666666,0.9593220338983052,0.9728813559322034,49.73523497581482,0,0,2,1,"[2, 2, 2]"
cmc,GA,8,36.04519774011299,0.6666666666666666,0.9593220338983052,0.9728813559322034,45.92710471153259,0,0,1,1,"[2, 2, 2]"
cmc,GA,9,36.04519774011299,0.6666666666666666,0.9593220338983052,0.9728813559322034,45.955244302749634,0,0,1,1,"[2, 2, 2]"
cmc,GA,10,36.04519774011299,0.6666666666666666,0.9593220338983052,0.9728813559322034,49.78023552894592,0,0,2,1,"[2, 2, 2]"
cmc,GA,12,36.04519774011299,0.6666666666666666,0.9593220338983052,0.9728813559322034,49.935155153274536,0,0,2,1,"[2, 2, 2]"
cmc,GA,11,36.04519774011299,0.6666666666666666,0.9593220338983052,0.9728813559322034,54.18068504333496,0,0,3,1,"[2, 2, 2]"
cmc,GA,13,36.04519774011299,0.6666666666666666,0.9593220338983052,0.9728813559322034,49.97172689437866,0,0,2,1,"[2, 2, 2]"
cmc,ARO-APO,30,36.04519774011299,0.6666666666666666,0.9593220338983052,0.9728813559322034,129.20115399360657,0,0,4,1,"[2, 2, 2]"
cmc,GA,14,36.04519774011299,0.6666666666666666,0.9593220338983052,0.9728813559322034,53.819313287734985,0,0,3,1,"[2, 2, 2]"
cmc,GA,15,36.04519774011299,0.6666666666666666,0.9593220338983052,0.9728813559322034,50.072447538375854,0,0,2,1,"[2, 2, 2]"
cmc,GA,17,36.04519774011299,0.6666666666666666,0.9593220338983052,0.9728813559322034,46.15960073471069,0,0,1,1,"[2, 2, 2]"
cmc,GA,18,36.04519774011299,0.6666666666666666,0.9593220338983052,0.9728813559322034,45.90070080757141,0,0,1,1,"[2, 2, 2]"
cmc,GA,16,36.04519774011299,0.6666666666666666,0.9593220338983052,0.9728813559322034,62.835524797439575,0,0,5,1,"[2, 2, 2]"
cmc,GA,19,36.04519774011299,0.6666666666666666,0.9593220338983052,0.9728813559322034,45.81762528419495,0,0,1,1,"[2, 2, 2]"
cmc,GA,20,36.04519774011299,0.6666666666666666,0.9593220338983052,0.9728813559322034,46.53963947296143,0,0,1,1,"[2, 2, 2]"
cmc,GA,21,36.04519774011299,0.6666666666666666,0.9593220338983052,0.9728813559322034,45.96620845794678,0,0,1,1,"[2, 2, 2]"
cmc,GA,24,36.04519774011299,0.6666666666666666,0.9593220338983052,0.9728813559322034,45.95363187789917,0,0,1,1,"[2, 2, 2]"
cmc,GA,22,36.04519774011299,0.6666666666666666,0.9593220338983052,0.9728813559322034,54.6205153465271,0,0,3,1,"[2, 2, 2]"
cmc,GA,23,36.04519774011299,0.6666666666666666,0.9593220338983052,0.9728813559322034,63.508774280548096,0,0,5,1,"[2, 2, 2]"
cmc,GA,25,36.04519774011299,0.6666666666666666,0.9593220338983052,0.9728813559322034,51.90639162063599,0,0,2,1,"[2, 2, 2]"
cmc,GA,28,36.04519774011299,0.6666666666666666,0.9593220338983052,0.9728813559322034,51.307565450668335,0,0,2,1,"[2, 2, 2]"
cmc,GA,27,36.04519774011299,0.6666666666666666,0.9593220338983052,0.9728813559322034,59.685935497283936,0,0,4,1,"[2, 2, 2]"
cmc,GA,29,36.04519774011299,0.6666666666666666,0.9593220338983052,0.9728813559322034,55.23163199424744,0,0,3,1,"[2, 2, 2]"
cmc,PSO,1,36.04519774011299,0.6666666666666666,0.9593220338983052,0.9728813559322034,50.61968159675598,0,0,2,1,"[2, 2, 2]"
cmc,GA,30,36.04519774011299,0.6666666666666666,0.9593220338983052,0.9728813559322034,55.67186665534973,0,0,3,1,"[2, 2, 2]"
cmc,GA,26,36.04519774011299,0.6666666666666666,0.9593220338983052,0.9728813559322034,72.27788734436035,0,0,7,1,"[2, 2, 2]"
cmc,PSO,3,36.04519774011299,0.6666666666666666,0.9593220338983052,0.9728813559322034,47.36628842353821,0,0,1,1,"[2, 2, 2]"
cmc,PSO,2,36.04519774011299,0.6666666666666666,0.9593220338983052,0.9728813559322034,47.745569944381714,0,0,1,1,"[2, 2, 2]"
cmc,PSO,5,36.04519774011299,0.6666666666666666,0.9593220338983052,0.9728813559322034,46.06833362579346,0,0,1,1,"[2, 2, 2]"
cmc,PSO,4,36.04519774011299,0.6666666666666666,0.9593220338983052,0.9728813559322034,50.94613265991211,0,0,2,1,"[2, 2, 2]"
cmc,PSO,6,41.60075329566855,0.7777777777777777,0.9593220338983052,0.9728813559322034,46.95391345024109,0,0,1,1,"[2, 3, 2]"
cmc,PSO,8,36.04519774011299,0.6666666666666666,0.9593220338983052,0.9728813559322034,47.907628297805786,0,0,1,1,"[2, 2, 2]"
cmc,PSO,7,36.04519774011299,0.6666666666666666,0.9593220338983052,0.9728813559322034,51.402892112731934,0,0,2,1,"[2, 2, 2]"
cmc,PSO,9,36.04519774011299,0.6666666666666666,0.9593220338983052,0.9728813559322034,51.46195077896118,0,0,2,1,"[2, 2, 2]"
cmc,PSO,10,36.04519774011299,0.6666666666666666,0.9593220338983052,0.9728813559322034,47.577152967453,0,0,1,1,"[2, 2, 2]"
cmc,PSO,11,36.04519774011299,0.6666666666666666,0.9593220338983052,0.9728813559322034,47.18745493888855,0,0,1,1,"[2, 2, 2]"
cmc,PSO,12,36.04519774011299,0.6666666666666666,0.9593220338983052,0.9728813559322034,51.90731143951416,0,0,2,1,"[2, 2, 2]"
cmc,PSO,13,36.04519774011299,0.6666666666666666,0.9593220338983052,0.9728813559322034,59.85061883926392,0,0,4,1,"[2, 2, 2]"
cmc,PSO,14,36.04519774011299,0.6666666666666666,0.9593220338983052,0.9728813559322034,51.47676491737366,0,0,2,1,"[2, 2, 2]"
cmc,PSO,15,36.04519774011299,0.6666666666666666,0.9593220338983052,0.9728813559322034,50.978294134140015,0,0,2,1,"[2, 2, 2]"
cmc,PSO,16,36.04519774011299,0.6666666666666666,0.9593220338983052,0.9728813559322034,51.11491465568543,0,0,2,1,"[2, 2, 2]"
cmc,PSO,17,36.04519774011299,0.6666666666666666,0.9593220338983052,0.9728813559322034,46.54842376708984,0,0,1,1,"[2, 2, 2]"
cmc,PSO,18,36.04519774011299,0.6666666666666666,0.9593220338983052,0.9728813559322034,50.69358229637146,0,0,2,1,"[2, 2, 2]"
cmc,PSO,21,36.04519774011299,0.6666666666666666,0.9593220338983052,0.9728813559322034,46.6827654838562,0,0,1,1,"[2, 2, 2]"
cmc,PSO,20,36.04519774011299,0.6666666666666666,0.9593220338983052,0.9728813559322034,47.38025665283203,0,0,1,1,"[2, 2, 2]"
cmc,PSO,22,36.04519774011299,0.6666666666666666,0.9593220338983052,0.9728813559322034,46.98046970367432,0,0,1,1,"[2, 2, 2]"
cmc,PSO,23,36.04519774011299,0.6666666666666666,0.9593220338983052,0.9728813559322034,45.83662033081055,0,0,1,1,"[2, 2, 2]"
cmc,PSO,19,36.04519774011299,0.6666666666666666,0.9593220338983052,0.9728813559322034,62.722615003585815,0,0,5,1,"[2, 2, 2]"
cmc,PSO,25,36.04519774011299,0.6666666666666666,0.9593220338983052,0.9728813559322034,45.37818932533264,0,0,1,1,"[2, 2, 2]"
cmc,PSO,24,36.04519774011299,0.6666666666666666,0.9593220338983052,0.9728813559322034,48.73029947280884,0,0,2,1,"[2, 2, 2]"
cmc,PSO,27,36.04519774011299,0.6666666666666666,0.9593220338983052,0.9728813559322034,42.35427498817444,0,0,1,1,"[2, 2, 2]"
cmc,PSO,26,36.04519774011299,0.6666666666666666,0.9593220338983052,0.9728813559322034,46.830177307128906,0,0,2,1,"[2, 2, 2]"
cmc,PSO,28,36.04519774011299,0.6666666666666666,0.9593220338983052,0.9728813559322034,41.567190170288086,0,0,1,1,"[2, 2, 2]"
cmc,PSO,30,36.04519774011299,0.6666666666666666,0.9593220338983052,0.9728813559322034,44.10109257698059,0,0,2,1,"[2, 2, 2]"
cmc,PSO,29,36.04519774011299,0.6666666666666666,0.9593220338983052,0.9728813559322034,44.23879098892212,0,0,2,1,"[2, 2, 2]"
mgm,ARO-APO,6,65.78313253012048,0.4,0.8192771084337349,0.5421686746987951,79.03241777420044,0,0,1,1,"[4, 2, 0, 1, 1]"
mgm,ARO-APO,9,65.78313253012048,0.4,0.8192771084337349,0.5421686746987951,82.80309057235718,0,0,1,1,"[4, 2, 0, 1, 1]"
mgm,ARO-APO,5,65.78313253012048,0.4,0.8192771084337349,0.5421686746987951,96.60671162605286,0,0,3,1,"[4, 2, 0, 1, 1]"
mgm,ARO-APO,1,65.78313253012048,0.4,0.8192771084337349,0.5421686746987951,108.46702218055724,0,0,4,1,"[4, 2, 0, 1, 1]"
mgm,ARO-APO,8,65.78313253012048,0.4,0.8192771084337349,0.5421686746987951,109.1081247329712,0,0,4,1,"[4, 2, 0, 1, 1]"
mgm,ARO-APO,10,65.78313253012048,0.4,0.8192771084337349,0.5421686746987951,111.4673068523407,0,0,5,1,"[4, 2, 0, 1, 1]"
mgm,ARO-APO,4,65.78313253012048,0.4,0.8192771084337349,0.5421686746987951,112.5449538230896,0,0,5,1,"[4, 2, 0, 1, 1]"
mgm,ARO-APO,2,65.78313253012048,0.4,0.8192771084337349,0.5421686746987951,143.666339635849,0,0,9,1,"[4, 2, 0, 1, 1]"
mgm,ARO-APO,7,65.78313253012048,0.4,0.8192771084337349,0.5421686746987951,156.76423382759094,0,0,10,1,"[4, 2, 0, 1, 1]"
mgm,ARO-APO,11,65.78313253012048,0.4,0.8192771084337349,0.5421686746987951,81.76787233352661,0,0,1,1,"[4, 2, 0, 1, 1]"
mgm,ARO-APO,3,65.78313253012048,0.4,0.8192771084337349,0.5421686746987951,173.9309279918671,0,0,13,1,"[4, 2, 0, 1, 1]"
mgm,ARO-APO,12,67.68072289156626,0.45,0.8192771084337349,0.5481927710843374,93.85300183296204,0,0,2,1,"[4, 2, 1, 1, 1]"
mgm,ARO-APO,15,65.78313253012048,0.4,0.8192771084337349,0.5421686746987951,76.9362096786499,0,0,1,1,"[4, 2, 0, 1, 1]"
mgm,ARO-APO,17,65.78313253012048,0.4,0.8192771084337349,0.5421686746987951,77.41628813743591,0,0,1,1,"[4, 2, 0, 1, 1]"
mgm,ARO-APO,14,65.78313253012048,0.4,0.8192771084337349,0.5421686746987951,82.34874200820923,0,0,1,1,"[4, 2, 0, 1, 1]"
mgm,ARO-APO,16,65.78313253012048,0.4,0.8192771084337349,0.5421686746987951,82.04519724845886,0,0,1,1,"[4, 2, 0, 1, 1]"
mgm,ARO-APO,18,65.78313253012048,0.4,0.8192771084337349,0.5421686746987951,75.16198706626892,0,0,1,1,"[4, 2, 0, 1, 1]"
mgm,ARO-APO,13,65.78313253012048,0.4,0.8192771084337349,0.5421686746987951,127.8561806678772,0,0,7,1,"[4, 2, 0, 1, 1]"
mgm,ARO-APO,20,65.78313253012048,0.4,0.8192771084337349,0.5421686746987951,75.25566673278809,0,0,1,1,"[4, 2, 0, 1, 1]"
mgm,ARO-APO,19,65.78313253012048,0.4,0.8192771084337349,0.5421686746987951,90.30832028388976,0,0,2,1,"[4, 2, 0, 1, 1]"
mgm,ARO-APO,21,65.78313253012048,0.4,0.8192771084337349,0.5421686746987951,75.42454814910889,0,0,1,1,"[4, 2, 0, 1, 1]"
mgm,ARO-APO,22,65.78313253012048,0.4,0.8192771084337349,0.5421686746987951,78.01972389221191,0,0,1,1,"[4, 2, 0, 1, 1]"
mgm,ARO-APO,24,65.78313253012048,0.4,0.8192771084337349,0.5421686746987951,79.64862203598022,0,0,1,1,"[4, 2, 0, 1, 1]"
mgm,ARO-APO,23,67.68072289156626,0.45,0.8192771084337349,0.5481927710843374,90.64472889900208,0,0,2,1,"[4, 2, 1, 1, 1]"
mgm,GA,1,65.78313253012048,0.4,0.8192771084337349,0.5421686746987951,48.043673276901245,0,0,4,1,"[4, 2, 0, 1, 1]"
mgm,GA,2,65.78313253012048,0.4,0.8192771084337349,0.5421686746987951,45.11137509346008,0,0,3,1,"[4, 2, 0, 1, 1]"
mgm,ARO-APO,28,65.78313253012048,0.4,0.8192771084337349,0.5421686746987951,75.62950563430786,0,0,1,1,"[4, 2, 0, 1, 1]"
mgm,ARO-APO,26,65.78313253012048,0.4,0.8192771084337349,0.5421686746987951,110.81124567985536,0,0,5,1,"[4, 2, 0, 1, 1]"
mgm,GA,3,65.78313253012048,0.4,0.8192771084337349,0.5421686746987951,38.576749086380005,0,0,1,1,"[4, 2, 0, 1, 1]"
mgm,GA,4,65.78313253012048,0.4,0.8192771084337349,0.5421686746987951,41.95319700241089,0,0,2,1,"[4, 2, 0, 1, 1]"
mgm,ARO-APO,25,65.78313253012048,0.4,0.8192771084337349,0.5421686746987951,139.48614072799683,0,0,9,1,"[4, 2, 0, 1, 1]"
mgm,ARO-APO,27,65.78313253012048,0.4,0.8192771084337349,0.5421686746987951,120.83091235160828,0,0,6,1,"[4, 2, 0, 1, 1]"
mgm,GA,6,65.78313253012048,0.4,0.8192771084337349,0.5421686746987951,42.9719922542572,0,0,2,1,"[4, 2, 0, 1, 1]"
mgm,GA,5,65.78313253012048,0.4,0.8192771084337349,0.5421686746987951,46.409512519836426,0,0,3,1,"[4, 2, 0, 1, 1]"
mgm,GA,7,65.78313253012048,0.4,0.8192771084337349,0.5421686746987951,46.54513621330261,0,0,3,1,"[4, 2, 0, 1, 1]"
mgm,GA,9,65.78313253012048,0.4,0.8192771084337349,0.5421686746987951,46.01336741447449,0,0,3,1,"[4, 2, 0, 1, 1]"
mgm,GA,8,65.78313253012048,0.4,0.8192771084337349,0.5421686746987951,53.49320411682129,0,0,5,1,"[4, 2, 0, 1, 1]"
mgm,GA,10,65.78313253012048,0.4,0.8192771084337349,0.5421686746987951,46.71819305419922,0,0,3,1,"[4, 2, 0, 1, 1]"
mgm,GA,11,65.78313253012048,0.4,0.8192771084337349,0.5421686746987951,47.7266583442688,0,0,3,1,"[4, 2, 0, 1, 1]"
mgm,GA,12,65.78313253012048,0.4,0.8192771084337349,0.5421686746987951,44.09991693496704,0,0,2,1,"[4, 2, 0, 1, 1]"
mgm,ARO-APO,30,65.78313253012048,0.4,0.8192771084337349,0.5421686746987951,137.87040543556213,0,0,8,1,"[4, 2, 0, 1, 1]"
mgm,GA,13,65.78313253012048,0.4,0.8192771084337349,0.5421686746987951,43.695971727371216,0,0,2,1,"[4, 2, 0, 1, 1]"
mgm,GA,14,65.78313253012048,0.4,0.8192771084337349,0.5421686746987951,43.32208251953125,0,0,2,1,"[4, 2, 0, 1, 1]"
mgm,GA,15,65.78313253012048,0.4,0.8192771084337349,0.5421686746987951,55.12492465972901,0,0,5,1,"[4, 2, 0, 1, 1]"
mgm,GA,18,65.78313253012048,0.4,0.8192771084337349,0.5421686746987951,39.60523271560669,0,0,1,1,"[4, 2, 0, 1, 1]"
mgm,GA,16,65.78313253012048,0.4,0.8192771084337349,0.5421686746987951,50.92876219749451,0,0,4,1,"[4, 2, 0, 1, 1]"
mgm,ARO-APO,29,65.78313253012048,0.4,0.8192771084337349,0.5421686746987951,170.4467113018036,0,0,12,1,"[4, 2, 0, 1, 1]"
mgm,GA,17,65.78313253012048,0.4,0.8192771084337349,0.5421686746987951,54.486897468566895,0,0,5,1,"[4, 2, 0, 1, 1]"
mgm,GA,21,65.78313253012048,0.4,0.8192771084337349,0.5421686746987951,42.63108897209168,0,0,2,1,"[4, 2, 0, 1, 1]"
mgm,GA,23,65.78313253012048,0.4,0.8192771084337349,0.5421686746987951,49.34080743789673,0,0,4,1,"[4, 2, 0, 1, 1]"
mgm,GA,19,65.78313253012048,0.4,0.8192771084337349,0.5421686746987951,60.89018702507019,0,0,7,1,"[4, 2, 0, 1, 1]"
mgm,GA,24,65.78313253012048,0.4,0.8192771084337349,0.5421686746987951,39.869713306427,0,0,1,1,"[4, 2, 0, 1, 1]"
mgm,GA,26,65.78313253012048,0.4,0.8192771084337349,0.5421686746987951,40.029813289642334,0,0,1,1,"[4, 2, 0, 1, 1]"
mgm,GA,20,65.78313253012048,0.4,0.8192771084337349,0.5421686746987951,61.76556038856506,0,0,7,1,"[4, 2, 0, 1, 1]"
mgm,GA,22,65.78313253012048,0.4,0.8192771084337349,0.5421686746987951,61.61117959022522,0,0,7,1,"[4, 2, 0, 1, 1]"
mgm,GA,25,65.78313253012048,0.4,0.8192771084337349,0.5421686746987951,43.60298013687134,0,0,2,1,"[4, 2, 0, 1, 1]"
mgm,GA,28,65.78313253012048,0.4,0.8192771084337349,0.5421686746987951,40.40744376182556,0,0,1,1,"[4, 2, 0, 1, 1]"
mgm,GA,27,65.78313253012048,0.4,0.8192771084337349,0.5421686746987951,47.38756418228149,0,0,3,1,"[4, 2, 0, 1, 1]"
mgm,GA,29,1060.9638554216867,0.4,0.8192771084337349,0.5903614457831325,48.91001057624817,0,1,3,0,"[3, 2, 1, 1, 1]"
mgm,PSO,2,67.68072289156626,0.45,0.8192771084337349,0.5481927710843374,45.86757636070252,0,0,2,1,"[4, 2, 1, 1, 1]"
mgm,GA,30,65.78313253012048,0.4,0.8192771084337349,0.5421686746987951,52.06352472305298,0,0,4,1,"[4, 2, 0, 1, 1]"
mgm,PSO,3,65.78313253012048,0.4,0.8192771084337349,0.5421686746987951,44.23043370246887,0,0,2,1,"[4, 2, 0, 1, 1]"
mgm,PSO,6,65.78313253012048,0.4,0.8192771084337349,0.5421686746987951,44.23325061798096,0,0,2,1,"[4, 2, 0, 1, 1]"
mgm,PSO,1,65.78313253012048,0.4,0.8192771084337349,0.5421686746987951,56.13539338111877,0,0,5,1,"[4, 2, 0, 1, 1]"
mgm,PSO,5,65.78313253012048,0.4,0.8192771084337349,0.5421686746987951,48.218260526657104,0,0,3,1,"[4, 2, 0, 1, 1]"
mgm,PSO,7,65.78313253012048,0.4,0.8192771084337349,0.5421686746987951,44.13098049163818,0,0,2,1,"[4, 2, 0, 1, 1]"
mgm,PSO,4,65.78313253012048,0.4,0.8192771084337349,0.5421686746987951,55.12260890007019,0,0,5,1,"[4, 2, 0, 1, 1]"
mgm,PSO,8,65.78313253012048,0.4,0.8192771084337349,0.5421686746987951,69.19569396972656,0,0,9,1,"[4, 2, 0, 1, 1]"
mgm,PSO,9,65.78313253012048,0.4,0.8192771084337349,0.5421686746987951,49.40389251708984,0,0,4,1,"[4, 2, 0, 1, 1]"
mgm,PSO,11,65.78313253012048,0.4,0.8192771084337349,0.5421686746987951,41.29774022102356,0,0,2,1,"[4, 2, 0, 1, 1]"
mgm,PSO,10,65.78313253012048,0.4,0.8192771084337349,0.5421686746987951,42.40989017486572,0,0,2,1,"[4, 2, 0, 1, 1]"
mgm,PSO,14,65.78313253012048,0.4,0.8192771084337349,0.5421686746987951,37.95107483863831,0,0,1,1,"[4, 2, 0, 1, 1]"
mgm,PSO,13,65.78313253012048,0.4,0.8192771084337349,0.5421686746987951,41.52983903884888,0,0,2,1,"[4, 2, 0, 1, 1]"
mgm,PSO,12,65.78313253012048,0.4,0.8192771084337349,0.5421686746987951,45.2866747379303,0,0,3,1,"[4, 2, 0, 1, 1]"
mgm,PSO,16,65.78313253012048,0.4,0.8192771084337349,0.5421686746987951,41.72861576080322,0,0,2,1,"[4, 2, 0, 1, 1]"
mgm,PSO,15,67.68072289156626,0.45,0.8192771084337349,0.5481927710843374,46.26328802108765,0,0,3,1,"[4, 2, 1, 1, 1]"
mgm,PSO,17,67.68072289156626,0.45,0.8192771084337349,0.5481927710843374,42.65691614151001,0,0,2,1,"[4, 2, 1, 1, 1]"
mgm,PSO,18,65.78313253012048,0.4,0.8192771084337349,0.5421686746987951,44.92551851272583,0,0,3,1,"[4, 2, 0, 1, 1]"
mgm,PSO,20,65.78313253012048,0.4,0.8192771084337349,0.5421686746987951,41.61094808578491,0,0,2,1,"[4, 2, 0, 1, 1]"
mgm,PSO,19,65.78313253012048,0.4,0.8192771084337349,0.5421686746987951,48.3917407989502,0,0,4,1,"[4, 2, 0, 1, 1]"
mgm,PSO,21,65.78313253012048,0.4,0.8192771084337349,0.5421686746987951,45.13623213768005,0,0,3,1,"[4, 2, 0, 1, 1]"
mgm,PSO,23,65.78313253012048,0.4,0.8192771084337349,0.5421686746987951,41.14458656311035,0,0,2,1,"[4, 2, 0, 1, 1]"
mgm,PSO,24,65.78313253012048,0.4,0.8192771084337349,0.5421686746987951,41.16474914550781,0,0,2,1,"[4, 2, 0, 1, 1]"
mgm,PSO,22,65.78313253012048,0.4,0.8192771084337349,0.5421686746987951,44.54712700843811,0,0,3,1,"[4, 2, 0, 1, 1]"
mgm,PSO,25,65.78313253012048,0.4,0.8192771084337349,0.5421686746987951,40.15689778327942,0,0,2,1,"[4, 2, 0, 1, 1]"
mgm,PSO,26,65.78313253012048,0.4,0.8192771084337349,0.5421686746987951,36.42451500892639,0,0,1,1,"[4, 2, 0, 1, 1]"
mgm,PSO,27,65.78313253012048,0.4,0.8192771084337349,0.5421686746987951,38.41491389274597,0,0,2,1,"[4, 2, 0, 1, 1]"
mgm,PSO,29,65.78313253012048,0.4,0.8192771084337349,0.5421686746987951,24.37304425239563,0,0,1,1,"[4, 2, 0, 1, 1]"
mgm,PSO,28,65.78313253012048,0.4,0.8192771084337349,0.5421686746987951,28.16474747657776,0,0,2,1,"[4, 2, 0, 1, 1]"
mgm,PSO,30,65.78313253012048,0.4,0.8192771084337349,0.5421686746987951,25.414283514022827,0,0,2,1,"[4, 2, 0, 1, 1]"
cahousing,ARO-APO,7,58.8953488372093,0.8,0.9680232558139537,0.811046511627907,1360.8116328716278,0,0,2,1,"[4, 3, 3, 4, 2]"
cahousing,ARO-APO,1,58.8953488372093,0.8,0.9680232558139537,0.811046511627907,1363.067716836929,0,0,2,1,"[4, 3, 3, 4, 2]"
cahousing,ARO-APO,4,58.8953488372093,0.8,0.9680232558139537,0.811046511627907,1406.0139636993408,0,0,2,1,"[4, 3, 3, 4, 2]"
cahousing,ARO-APO,9,56.73449612403101,0.75,0.9680232558139537,0.8076550387596899,1418.126898765564,0,0,3,1,"[3, 3, 3, 4, 2]"
cahousing,ARO-APO,3,56.73449612403101,0.75,0.9680232558139537,0.8076550387596899,1760.2576415538788,0,0,6,1,"[3, 3, 3, 4, 2]"
cahousing,ARO-APO,8,56.73449612403101,0.75,0.9680232558139537,0.8076550387596899,1984.6703317165372,0,0,8,1,"[3, 3, 3, 4, 2]"
cahousing,ARO-APO,5,56.73449612403101,0.75,0.9680232558139537,0.8076550387596899,2020.1879515647888,0,0,8,1,"[3, 3, 3, 4, 2]"
cahousing,ARO-APO,2,56.73449612403101,0.75,0.9680232558139537,0.8076550387596899,2021.74773979187,0,0,8,1,"[3, 3, 3, 4, 2]"
cahousing,ARO-APO,10,56.73449612403101,0.75,0.9680232558139537,0.8076550387596899,2417.7525794506078,0,0,12,1,"[3, 3, 3, 4, 2]"
cahousing,ARO-APO,6,56.73449612403101,0.75,0.9680232558139537,0.8076550387596899,2444.577449798584,0,0,12,1,"[3, 3, 3, 4, 2]"
cahousing,ARO-APO,13,56.73449612403101,0.75,0.9680232558139537,0.8076550387596899,1407.063802242279,0,0,3,1,"[3, 3, 3, 4, 2]"
cahousing,ARO-APO,15,56.73449612403101,0.75,0.9680232558139537,0.8076550387596899,1434.002271413803,0,0,3,1,"[3, 3, 3, 4, 2]"
cahousing,ARO-APO,14,56.73449612403101,0.75,0.9680232558139537,0.8076550387596899,1833.7124400138853,0,0,6,1,"[3, 3, 3, 4, 2]"
cahousing,ARO-APO,18,56.73449612403101,0.75,0.9680232558139537,0.8076550387596899,1609.5564579963684,0,0,4,1,"[3, 3, 3, 4, 2]"
cahousing,ARO-APO,11,56.73449612403101,0.75,0.9680232558139537,0.8076550387596899,2296.343027114868,0,0,10,1,"[3, 3, 3, 4, 2]"
cahousing,ARO-APO,12,56.73449612403101,0.75,0.9680232558139537,0.8076550387596899,2691.4435822963715,0,0,14,1,"[3, 3, 3, 4, 2]"
cahousing,ARO-APO,19,56.73449612403101,0.75,0.9680232558139537,0.8076550387596899,1639.9262778759005,0,0,5,1,"[3, 3, 3, 4, 2]"
cahousing,ARO-APO,21,58.8953488372093,0.8,0.9680232558139537,0.811046511627907,1372.337629556656,0,0,2,1,"[4, 3, 3, 4, 2]"
cahousing,ARO-APO,16,56.73449612403101,0.75,0.9680232558139537,0.8076550387596899,2253.489876031876,0,0,10,1,"[3, 3, 3, 4, 2]"
cahousing,ARO-APO,20,58.8953488372093,0.8,0.9680232558139537,0.811046511627907,1911.9550380706787,0,0,7,1,"[4, 3, 3, 4, 2]"
cahousing,ARO-APO,17,56.73449612403101,0.75,0.9680232558139537,0.8076550387596899,2498.5305478572845,0,0,12,1,"[3, 3, 3, 4, 2]"
cahousing,ARO-APO,27,56.73449612403101,0.75,0.9680232558139537,0.8076550387596899,1207.6376423835754,0,0,1,1,"[3, 3, 3, 4, 2]"
cahousing,GA,1,56.73449612403101,0.75,0.9680232558139537,0.8076550387596899,780.1737520694733,0,0,6,1,"[3, 3, 3, 4, 2]"
cahousing,ARO-APO,23,56.73449612403101,0.75,0.9680232558139537,0.8076550387596899,2050.587834596634,0,0,8,1,"[3, 3, 3, 4, 2]"
cahousing,ARO-APO,22,56.73449612403101,0.75,0.9680232558139537,0.8076550387596899,2227.447766065597,0,0,10,1,"[3, 3, 3, 4, 2]"
cahousing,ARO-APO,24,58.8953488372093,0.8,0.9680232558139537,0.811046511627907,1833.0129368305209,0,0,6,1,"[4, 3, 3, 4, 2]"
cahousing,ARO-APO,28,56.73449612403101,0.75,0.9680232558139537,0.8076550387596899,1607.6971745491028,0,0,4,1,"[3, 3, 3, 4, 2]"
cahousing,GA,2,56.73449612403101,0.75,0.9680232558139537,0.8076550387596899,636.3721022605896,0,0,3,1,"[3, 3, 3, 4, 2]"
cahousing,ARO-APO,26,56.73449612403101,0.75,0.9680232558139537,0.8076550387596899,1879.172375679016,0,0,7,1,"[3, 3, 3, 4, 2]"
cahousing,ARO-APO,25,56.73449612403101,0.75,0.9680232558139537,0.8076550387596899,2447.721122980118,0,0,12,1,"[3, 3, 3, 4, 2]"
cahousing,GA,4,56.73449612403101,0.75,0.9680232558139537,0.8076550387596899,932.3459017276764,0,0,9,1,"[3, 3, 3, 4, 2]"
cahousing,GA,3,56.73449612403101,0.75,0.9680232558139537,0.8076550387596899,980.0627229213716,0,0,10,1,"[3, 3, 3, 4, 2]"
cahousing,GA,6,56.73449612403101,0.75,0.9680232558139537,0.8076550387596899,932.9752633571624,0,0,9,1,"[3, 3, 3, 4, 2]"
cahousing,GA,5,56.73449612403101,0.75,0.9680232558139537,0.8076550387596899,984.547708272934,0,0,10,1,"[3, 3, 3, 4, 2]"
cahousing,GA,7,56.73449612403101,0.75,0.9680232558139537,0.8076550387596899,691.5328409671783,0,0,4,1,"[3, 3, 3, 4, 2]"
cahousing,ARO-APO,30,56.73449612403101,0.75,0.9680232558139537,0.8076550387596899,2220.5288314819336,0,0,10,1,"[3, 3, 3, 4, 2]"
cahousing,GA,9,56.73449612403101,0.75,0.9680232558139537,0.8076550387596899,739.1139249801636,0,0,5,1,"[3, 3, 3, 4, 2]"
cahousing,ARO-APO,29,56.73449612403101,0.75,0.9680232558139537,0.8076550387596899,2480.122927427292,0,0,12,1,"[3, 3, 3, 4, 2]"
cahousing,GA,10,56.73449612403101,0.75,0.9680232558139537,0.8076550387596899,738.4789412021637,0,0,5,1,"[3, 3, 3, 4, 2]"
cahousing,GA,14,56.73449612403101,0.75,0.9680232558139537,0.8076550387596899,634.7774901390076,0,0,3,1,"[3, 3, 3, 4, 2]"
cahousing,GA,8,56.73449612403101,0.75,0.9680232558139537,0.8076550387596899,1162.172129154205,0,0,14,1,"[3, 3, 3, 4, 2]"
cahousing,GA,11,56.73449612403101,0.75,0.9680232558139537,0.8076550387596899,877.2982640266418,0,0,8,1,"[3, 3, 3, 4, 2]"
cahousing,GA,15,56.73449612403101,0.75,0.9680232558139537,0.8076550387596899,639.8133955001831,0,0,3,1,"[3, 3, 3, 4, 2]"
cahousing,GA,12,56.73449612403101,0.75,0.9680232558139537,0.8076550387596899,927.8903391361235,0,0,9,1,"[3, 3, 3, 4, 2]"
cahousing,GA,13,56.73449612403101,0.75,0.9680232558139537,0.8076550387596899,924.2796874046326,0,0,9,1,"[3, 3, 3, 4, 2]"
cahousing,GA,19,56.73449612403101,0.75,0.9680232558139537,0.8076550387596899,640.4038908481598,0,0,3,1,"[3, 3, 3, 4, 2]"
cahousing,GA,16,56.73449612403101,0.75,0.9680232558139537,0.8076550387596899,1030.38428068161,0,0,11,1,"[3, 3, 3, 4, 2]"
cahousing,GA,17,56.73449612403101,0.75,0.9680232558139537,0.8076550387596899,979.6133186817168,0,0,10,1,"[3, 3, 3, 4, 2]"
cahousing,GA,22,56.73449612403101,0.75,0.9680232558139537,0.8076550387596899,639.8990972042084,0,0,3,1,"[3, 3, 3, 4, 2]"
cahousing,GA,23,56.73449612403101,0.75,0.9680232558139537,0.8076550387596899,638.6672155857086,0,0,3,1,"[3, 3, 3, 4, 2]"
cahousing,GA,20,56.73449612403101,0.75,0.9680232558139537,0.8076550387596899,736.091965675354,0,0,5,1,"[3, 3, 3, 4, 2]"
cahousing,GA,18,56.73449612403101,0.75,0.9680232558139537,0.8076550387596899,1271.1865639686584,0,0,16,1,"[3, 3, 3, 4, 2]"
cahousing,GA,21,56.73449612403101,0.75,0.9680232558139537,0.8076550387596899,1036.9211251735687,0,0,11,1,"[3, 3, 3, 4, 2]"
cahousing,GA,24,56.73449612403101,0.75,0.9680232558139537,0.8076550387596899,928.2740626335144,0,0,9,1,"[3, 3, 3, 4, 2]"
cahousing,GA,26,56.73449612403101,0.75,0.9680232558139537,0.8076550387596899,694.7495608329773,0,0,4,1,"[3, 3, 3, 4, 2]"
cahousing,GA,27,56.73449612403101,0.75,0.9680232558139537,0.8076550387596899,746.9923849105835,0,0,5,1,"[3, 3, 3, 4, 2]"
cahousing,PSO,1,56.73449612403101,0.75,0.9680232558139537,0.8076550387596899,639.2474443912506,0,0,3,1,"[3, 3, 3, 4, 2]"
cahousing,GA,28,56.73449612403101,0.75,0.9680232558139537,0.8076550387596899,805.3333265781403,0,0,6,1,"[3, 3, 3, 4, 2]"
cahousing,GA,29,56.73449612403101,0.75,0.9680232558139537,0.8076550387596899,743.5152461528778,0,0,5,1,"[3, 3, 3, 4, 2]"
cahousing,GA,25,56.73449612403101,0.75,0.9680232558139537,0.8076550387596899,1241.3171784877777,0,0,15,1,"[3, 3, 3, 4, 2]"
cahousing,GA,30,56.73449612403101,0.75,0.9680232558139537,0.8076550387596899,799.7267920970917,0,0,6,1,"[3, 3, 3, 4, 2]"
cahousing,PSO,2,56.73449612403101,0.75,0.9680232558139537,0.8076550387596899,749.7764587402344,0,0,5,1,"[3, 3, 3, 4, 2]"
cahousing,PSO,3,56.73449612403101,0.75,0.9680232558139537,0.8076550387596899,639.4246723651886,0,0,3,1,"[3, 3, 3, 4, 2]"
cahousing,PSO,5,56.73449612403101,0.75,0.9680232558139537,0.8076550387596899,587.8641967773438,0,0,2,1,"[3, 3, 3, 4, 2]"
cahousing,PSO,4,56.73449612403101,0.75,0.9680232558139537,0.8076550387596899,639.3035116195679,0,0,3,1,"[3, 3, 3, 4, 2]"
cahousing,PSO,6,56.73449612403101,0.75,0.9680232558139537,0.8076550387596899,586.9892725944519,0,0,2,1,"[3, 3, 3, 4, 2]"
cahousing,PSO,7,58.8953488372093,0.8,0.9680232558139537,0.811046511627907,633.5556857585907,0,0,3,1,"[4, 3, 3, 4, 2]"
cahousing,PSO,9,56.73449612403101,0.75,0.9680232558139537,0.8076550387596899,581.8766095638275,0,0,2,1,"[3, 3, 3, 4, 2]"
cahousing,PSO,8,56.73449612403101,0.75,0.9680232558139537,0.8076550387596899,635.7615246772766,0,0,3,1,"[3, 3, 3, 4, 2]"
cahousing,PSO,11,58.8953488372093,0.8,0.9680232558139537,0.811046511627907,632.9764997959137,0,0,3,1,"[4, 3, 3, 4, 2]"
cahousing,PSO,10,58.8953488372093,0.8,0.9680232558139537,0.811046511627907,637.0145170688629,0,0,3,1,"[4, 3, 3, 4, 2]"
cahousing,PSO,12,56.73449612403101,0.75,0.9680232558139537,0.8076550387596899,577.9714741706848,0,0,2,1,"[3, 3, 3, 4, 2]"
cahousing,PSO,14,56.73449612403101,0.75,0.9680232558139537,0.8076550387596899,628.6890306472778,0,0,3,1,"[3, 3, 3, 4, 2]"
cahousing,PSO,15,56.73449612403101,0.75,0.9680232558139537,0.8076550387596899,628.9319312572479,0,0,3,1,"[3, 3, 3, 4, 2]"
cahousing,PSO,13,56.73449612403101,0.75,0.9680232558139537,0.8076550387596899,832.8771696090698,0,0,7,1,"[3, 3, 3, 4, 2]"
cahousing,PSO,16,56.73449612403101,0.75,0.9680232558139537,0.8076550387596899,679.5452823638916,0,0,4,1,"[3, 3, 3, 4, 2]"
cahousing,PSO,18,56.73449612403101,0.75,0.9680232558139537,0.8076550387596899,583.6108582019806,0,0,2,1,"[3, 3, 3, 4, 2]"
cahousing,PSO,17,58.8953488372093,0.8,0.9680232558139537,0.811046511627907,632.9686753749847,0,0,3,1,"[4, 3, 3, 4, 2]"
cahousing,PSO,19,56.73449612403101,0.75,0.9680232558139537,0.8076550387596899,633.8171308040619,0,0,3,1,"[3, 3, 3, 4, 2]"
cahousing,PSO,21,56.73449612403101,0.75,0.9680232558139537,0.8076550387596899,585.0491921901703,0,0,2,1,"[3, 3, 3, 4, 2]"
cahousing,PSO,20,56.73449612403101,0.75,0.9680232558139537,0.8076550387596899,586.1506803035736,0,0,2,1,"[3, 3, 3, 4, 2]"
cahousing,PSO,22,56.73449612403101,0.75,0.9680232558139537,0.8076550387596899,576.3495466709137,0,0,2,1,"[3, 3, 3, 4, 2]"
cahousing,PSO,24,56.73449612403101,0.75,0.9680232558139537,0.8076550387596899,576.8934652805328,0,0,2,1,"[3, 3, 3, 4, 2]"
cahousing,PSO,23,56.73449612403101,0.75,0.9680232558139537,0.8076550387596899,669.7490339279175,0,0,4,1,"[3, 3, 3, 4, 2]"
cahousing,PSO,26,56.73449612403101,0.75,0.9680232558139537,0.8076550387596899,556.8610501289368,0,0,2,1,"[3, 3, 3, 4, 2]"
cahousing,PSO,25,56.73449612403101,0.75,0.9680232558139537,0.8076550387596899,608.2982342243195,0,0,3,1,"[3, 3, 3, 4, 2]"
cahousing,PSO,27,56.73449612403101,0.75,0.9680232558139537,0.8076550387596899,548.6605818271637,0,0,2,1,"[3, 3, 3, 4, 2]"
cahousing,PSO,29,56.73449612403101,0.75,0.9680232558139537,0.8076550387596899,576.4388167858124,0,0,3,1,"[3, 3, 3, 4, 2]"
cahousing,PSO,28,58.8953488372093,0.8,0.9680232558139537,0.811046511627907,622.7351746559143,0,0,4,1,"[4, 3, 3, 4, 2]"
cahousing,PSO,30,56.73449612403101,0.75,0.9680232558139537,0.8076550387596899,659.5853886604309,0,0,6,1,"[3, 3, 3, 4, 2]"
adult,ARO-APO,1,1025.0,0.5,0.8339134758826454,1.0,1285.3173079490662,0,1,2,0,"[4, 3, 2, 2, 2, 1, 1, 1, 2]"
adult,ARO-APO,6,1025.0,0.5,0.8339134758826454,1.0,1309.6887726783752,0,1,2,0,"[4, 3, 2, 2, 2, 1, 1, 1, 2]"
adult,ARO-APO,10,1025.0,0.5,0.8339134758826454,1.0,1319.423169851303,0,1,2,0,"[4, 3, 2, 2, 2, 1, 1, 1, 2]"
adult,ARO-APO,2,1025.0,0.5,0.8339134758826454,1.0,1325.2297174930573,0,1,2,0,"[4, 3, 2, 2, 2, 1, 1, 1, 2]"
adult,ARO-APO,4,1025.0,0.5,0.8339134758826454,1.0,1399.3729021549225,0,1,4,0,"[4, 3, 2, 2, 2, 1, 1, 1, 2]"
adult,ARO-APO,7,1025.0,0.5,0.8339134758826454,1.0,1438.4773597717283,0,1,4,0,"[4, 3, 2, 2, 2, 1, 1, 1, 2]"
adult,ARO-APO,3,1025.0,0.5,0.8339134758826454,1.0,1763.0864007472992,0,1,6,0,"[4, 3, 2, 2, 2, 1, 1, 1, 2]"
adult,ARO-APO,8,1025.0,0.5,0.8339134758826454,1.0,2322.5911450386047,0,1,12,0,"[4, 3, 2, 2, 2, 1, 1, 1, 2]"
adult,ARO-APO,13,1025.0,0.5,0.8339134758826454,1.0,1241.7524626255035,0,1,2,0,"[4, 3, 2, 2, 2, 1, 1, 1, 2]"
adult,ARO-APO,11,1025.0,0.5,0.8339134758826454,1.0,1302.7673490047457,0,1,2,0,"[4, 3, 2, 2, 2, 1, 1, 1, 2]"
adult,ARO-APO,15,1025.0,0.5,0.8339134758826454,1.0,1271.2139809131622,0,1,2,0,"[4, 3, 2, 2, 2, 1, 1, 1, 2]"
adult,ARO-APO,14,1025.0,0.5,0.8339134758826454,1.0,1362.7571272850037,0,1,2,0,"[4, 3, 2, 2, 2, 1, 1, 1, 2]"
adult,ARO-APO,9,1025.0,0.5,0.8339134758826454,1.0,2761.8417258262634,0,1,14,0,"[4, 3, 2, 2, 2, 1, 1, 1, 2]"
adult,ARO-APO,5,1025.0,0.5,0.8339134758826454,1.0,2958.0631165504456,0,1,16,0,"[4, 3, 2, 2, 2, 1, 1, 1, 2]"
adult,ARO-APO,12,1025.0,0.5,0.8339134758826454,1.0,1781.6691677570343,0,1,6,0,"[4, 3, 2, 2, 2, 1, 1, 1, 2]"
adult,ARO-APO,16,1025.0,0.5,0.8339134758826454,1.0,1951.411149263382,0,1,8,0,"[4, 3, 2, 2, 2, 1, 1, 1, 2]"
adult,ARO-APO,17,1025.0,0.5,0.8339134758826454,1.0,1699.811311006546,0,1,6,0,"[4, 3, 2, 2, 2, 1, 1, 1, 2]"
adult,ARO-APO,22,1025.0,0.5,0.8339134758826454,1.0,1285.0619847774506,0,1,2,0,"[4, 3, 2, 2, 2, 1, 1, 1, 2]"
adult,ARO-APO,21,1025.0,0.5,0.8339134758826454,1.0,1422.6868288516998,0,1,3,0,"[4, 3, 2, 2, 2, 1, 1, 1, 2]"
adult,ARO-APO,19,1025.0,0.5,0.8339134758826454,1.0,1696.982280254364,0,1,6,0,"[4, 3, 2, 2, 2, 1, 1, 1, 2]"
adult,ARO-APO,18,1025.0,0.5,0.8339134758826454,1.0,1955.758535861969,0,1,8,0,"[4, 3, 2, 2, 2, 1, 1, 1, 2]"
adult,ARO-APO,24,1025.0,0.5,0.8339134758826454,1.0,1352.151674747467,0,1,2,0,"[4, 3, 2, 2, 2, 1, 1, 1, 2]"
adult,ARO-APO,23,1025.0,0.5,0.8339134758826454,1.0,1693.8318765163422,0,1,5,0,"[4, 3, 2, 2, 2, 1, 1, 1, 2]"
adult,ARO-APO,20,1025.0,0.5,0.8339134758826454,1.0,1898.668087720871,0,1,8,0,"[4, 3, 2, 2, 2, 1, 1, 1, 2]"
adult,ARO-APO,27,1025.0,0.5,0.8339134758826454,1.0,1355.660134792328,0,1,2,0,"[4, 3, 2, 2, 2, 1, 1, 1, 2]"
adult,GA,2,1025.0,0.5,0.8339134758826454,1.0,586.3027834892273,0,1,6,0,"[4, 3, 2, 2, 2, 1, 1, 1, 2]"
adult,GA,1,1025.0,0.5,0.8339134758826454,1.0,728.7476723194122,0,1,9,0,"[4, 3, 2, 2, 2, 1, 1, 1, 2]"
adult,ARO-APO,25,1025.0,0.5,0.8339134758826454,1.0,1930.6623351573944,0,1,8,0,"[4, 3, 2, 2, 2, 1, 1, 1, 2]"
adult,GA,3,1025.0,0.5,0.8339134758826454,1.0,568.8390471935272,0,1,5,0,"[4, 3, 2, 2, 2, 1, 1, 1, 2]"
adult,GA,4,1025.0,0.5,0.8339134758826454,1.0,623.4408512115479,0,1,8,0,"[4, 3, 2, 2, 2, 1, 1, 1, 2]"
adult,GA,5,1025.0,0.5,0.8339134758826454,1.0,658.386638879776,0,1,4,0,"[4, 3, 2, 2, 2, 1, 1, 1, 2]"
adult,GA,6,1025.0,0.5,0.8339134758826454,1.0,603.1123178005219,0,1,6,0,"[4, 3, 2, 2, 2, 1, 1, 1, 2]"
adult,GA,9,1025.0,0.5,0.8339134758826454,1.0,535.3515248298645,0,1,4,0,"[4, 3, 2, 2, 2, 1, 1, 1, 2]"
adult,GA,8,1025.0,0.5,0.8339134758826454,1.0,599.0525443553925,0,1,6,0,"[4, 3, 2, 2, 2, 1, 1, 1, 2]"
adult,ARO-APO,30,1025.0,0.5,0.8339134758826454,1.0,1380.246963262558,0,1,2,0,"[4, 3, 2, 2, 2, 1, 1, 1, 2]"
adult,GA,10,1025.0,0.5,0.8339134758826454,1.0,592.4159982204437,0,1,7,0,"[4, 3, 2, 2, 2, 1, 1, 1, 2]"
adult,ARO-APO,29,1025.0,0.5,0.8339134758826454,1.0,1614.9015743732452,0,1,4,0,"[4, 3, 2, 2, 2, 1, 1, 1, 2]"
adult,ARO-APO,26,1025.0,0.5,0.8339134758826454,1.0,2328.8504593372345,0,1,10,0,"[4, 3, 2, 2, 2, 1, 1, 1, 2]"
adult,GA,7,1025.0,0.5,0.8339134758826454,1.0,963.0768978595734,0,1,11,0,"[4, 3, 2, 2, 2, 1, 1, 1, 2]"
adult,ARO-APO,28,1025.0,0.5,0.8339134758826454,1.0,2023.5298945903776,0,1,8,0,"[4, 3, 2, 2, 2, 1, 1, 1, 2]"
adult,GA,11,1025.0,0.5,0.8339134758826454,1.0,583.6788775920868,0,1,6,0,"[4, 3, 2, 2, 2, 1, 1, 1, 2]"
adult,GA,12,1025.0,0.5,0.8339134758826454,1.0,662.1973807811737,0,1,8,0,"[4, 3, 2, 2, 2, 1, 1, 1, 2]"
adult,GA,18,1025.0,0.5,0.8339134758826454,1.0,510.8468451499939,0,1,5,0,"[4, 3, 2, 2, 2, 1, 1, 1, 2]"
adult,GA,15,1025.0,0.5,0.8339134758826454,1.0,601.3911714553833,0,1,4,0,"[4, 3, 2, 2, 2, 1, 1, 1, 2]"
adult,GA,14,1025.0,0.5,0.8339134758826454,1.0,732.8717474937439,0,1,10,0,"[4, 3, 2, 2, 2, 1, 1, 1, 2]"
adult,GA,13,1025.0,0.5,0.8339134758826454,1.0,801.2309157848358,0,1,13,0,"[4, 3, 2, 2, 2, 1, 1, 1, 2]"
adult,GA,17,1025.0,0.5,0.8339134758826454,1.0,718.2217698097229,0,1,8,0,"[4, 3, 2, 2, 2, 1, 1, 1, 2]"
adult,GA,16,1025.0,0.5,0.8339134758826454,1.0,740.0956637859344,0,1,11,0,"[4, 3, 2, 2, 2, 1, 1, 1, 2]"
adult,GA,20,1025.0,0.5,0.8339134758826454,1.0,588.6276438236237,0,1,6,0,"[4, 3, 2, 2, 2, 1, 1, 1, 2]"
adult,GA,19,1025.0,0.5,0.8339134758826454,1.0,684.2445573806763,0,1,10,0,"[4, 3, 2, 2, 2, 1, 1, 1, 2]"
adult,GA,22,1025.0,0.5,0.8339134758826454,1.0,495.9358885288239,0,1,5,0,"[4, 3, 2, 2, 2, 1, 1, 1, 2]"
adult,GA,21,1025.0,0.5,0.8339134758826454,1.0,728.2556121349335,0,1,7,0,"[4, 3, 2, 2, 2, 1, 1, 1, 2]"
adult,GA,25,1025.0,0.5,0.8339134758826454,1.0,507.1428792476654,0,1,5,0,"[4, 3, 2, 2, 2, 1, 1, 1, 2]"
adult,GA,23,1025.0,0.5,0.8339134758826454,1.0,697.7935934066772,0,1,8,0,"[4, 3, 2, 2, 2, 1, 1, 1, 2]"
adult,GA,24,1025.0,0.5,0.8339134758826454,1.0,696.8062739372253,0,1,8,0,"[4, 3, 2, 2, 2, 1, 1, 1, 2]"
adult,GA,26,1025.0,0.5,0.8339134758826454,1.0,588.5003099441528,0,1,6,0,"[4, 3, 2, 2, 2, 1, 1, 1, 2]"
adult,GA,28,1025.0,0.5,0.8339134758826454,1.0,590.498379945755,0,1,4,0,"[4, 3, 2, 2, 2, 1, 1, 1, 2]"
adult,GA,27,1025.0,0.5,0.8339134758826454,1.0,627.759281873703,0,1,7,0,"[4, 3, 2, 2, 2, 1, 1, 1, 2]"
adult,PSO,1,1025.0,0.5,0.8339134758826454,1.0,437.035117149353,0,1,3,0,"[4, 3, 2, 2, 2, 1, 1, 1, 2]"
adult,GA,30,1025.0,0.5,0.8339134758826454,1.0,470.9394397735596,0,1,4,0,"[4, 3, 2, 2, 2, 1, 1, 1, 2]"
adult,PSO,3,1025.0,0.5,0.8339134758826454,1.0,402.4722781181336,0,1,3,0,"[4, 3, 2, 2, 2, 1, 1, 1, 2]"
adult,GA,29,1025.0,0.5,0.8339134758826454,1.0,726.245025396347,0,1,8,0,"[4, 3, 2, 2, 2, 1, 1, 1, 2]"
adult,PSO,5,1025.0,0.5,0.8339134758826454,1.0,409.8020536899567,0,1,3,0,"[4, 3, 2, 2, 2, 1, 1, 1, 2]"
adult,PSO,2,1025.0,0.5,0.8339134758826454,1.0,582.7207806110382,0,1,4,0,"[4, 3, 2, 2, 2, 1, 1, 1, 2]"
adult,PSO,6,1025.0,0.5,0.8339134758826454,1.0,458.027263879776,0,1,4,0,"[4, 3, 2, 2, 2, 1, 1, 1, 2]"
adult,PSO,4,1025.0,0.5,0.8339134758826454,1.0,498.644011259079,0,1,3,0,"[4, 3, 2, 2, 2, 1, 1, 1, 2]"
adult,PSO,8,1025.0,0.5,0.8339134758826454,1.0,417.5014338493347,0,1,3,0,"[4, 3, 2, 2, 2, 1, 1, 1, 2]"
adult,PSO,7,1025.0,0.5,0.8339134758826454,1.0,452.3358564376831,0,1,4,0,"[4, 3, 2, 2, 2, 1, 1, 1, 2]"
adult,PSO,10,1025.0,0.5,0.8339134758826454,1.0,406.47404408454895,0,1,3,0,"[4, 3, 2, 2, 2, 1, 1, 1, 2]"
adult,PSO,11,1025.0,0.5,0.8339134758826454,1.0,410.84236884117126,0,1,3,0,"[4, 3, 2, 2, 2, 1, 1, 1, 2]"
adult,PSO,12,1025.0,0.5,0.8339134758826454,1.0,379.55928659439087,0,1,2,0,"[4, 3, 2, 2, 2, 1, 1, 1, 2]"
adult,PSO,13,1025.0,0.5,0.8339134758826454,1.0,406.4362943172455,0,1,3,0,"[4, 3, 2, 2, 2, 1, 1, 1, 2]"
adult,PSO,14,1025.0,0.5,0.8339134758826454,1.0,420.11200284957886,0,1,3,0,"[4, 3, 2, 2, 2, 1, 1, 1, 2]"
adult,PSO,15,1025.0,0.5,0.8339134758826454,1.0,394.3335165977478,0,1,3,0,"[4, 3, 2, 2, 2, 1, 1, 1, 2]"
adult,PSO,16,1025.0,0.5,0.8339134758826454,1.0,406.16489911079407,0,1,3,0,"[4, 3, 2, 2, 2, 1, 1, 1, 2]"
adult,PSO,17,1025.0,0.5,0.8339134758826454,1.0,422.3388040065765,0,1,3,0,"[4, 3, 2, 2, 2, 1, 1, 1, 2]"
adult,PSO,9,2048.4909387258963,0.4722222222222222,0.8339134758826454,0.7512017238521466,838.0456113815308,0,2,3,0,"[4, 3, 2, 2, 2, 1, 0, 1, 2]"
adult,PSO,18,1025.0,0.5,0.8339134758826454,1.0,505.1584942340851,0,1,4,0,"[4, 3, 2, 2, 2, 1, 1, 1, 2]"
adult,PSO,19,2023.611111111111,0.4722222222222222,0.8339134758826454,1.0,500.5847768783569,0,2,3,0,"[4, 3, 2, 2, 2, 1, 1, 0, 2]"
adult,PSO,20,1025.0,0.5,0.8339134758826454,1.0,417.4084892272949,0,1,3,0,"[4, 3, 2, 2, 2, 1, 1, 1, 2]"
adult,PSO,22,1025.0,0.5,0.8339134758826454,1.0,430.5623095035553,0,1,3,0,"[4, 3, 2, 2, 2, 1, 1, 1, 2]"
adult,PSO,21,1025.0,0.5,0.8339134758826454,1.0,531.8829724788666,0,1,4,0,"[4, 3, 2, 2, 2, 1, 1, 1, 2]"
adult,PSO,24,1025.0,0.5,0.8339134758826454,1.0,434.4965009689331,0,1,4,0,"[4, 3, 2, 2, 2, 1, 1, 1, 2]"
adult,PSO,26,1025.0,0.5,0.8339134758826454,1.0,393.8575839996338,0,1,3,0,"[4, 3, 2, 2, 2, 1, 1, 1, 2]"
adult,PSO,23,1025.0,0.5,0.8339134758826454,1.0,511.9829406738281,0,1,2,0,"[4, 3, 2, 2, 2, 1, 1, 1, 2]"
adult,PSO,25,1025.0,0.5,0.8339134758826454,1.0,535.2046573162079,0,1,3,0,"[4, 3, 2, 2, 2, 1, 1, 1, 2]"
adult,PSO,28,1025.0,0.5,0.8339134758826454,1.0,381.33308362960815,0,1,3,0,"[4, 3, 2, 2, 2, 1, 1, 1, 2]"
adult,PSO,29,1025.0,0.5,0.8339134758826454,1.0,392.381822347641,0,1,4,0,"[4, 3, 2, 2, 2, 1, 1, 1, 2]"
adult,PSO,30,1025.0,0.5,0.8339134758826454,1.0,368.6644780635834,0,1,4,0,"[4, 3, 2, 2, 2, 1, 1, 1, 2]"
adult,PSO,27,1025.0,0.5,0.8339134758826454,1.0,543.6733605861664,0,1,4,0,"[4, 3, 2, 2, 2, 1, 1, 1, 2]"
medical,ARO-APO,6,84.8507843137255,0.5392156862745099,0.4256,0.4211,4631.828716516495,0,0,3,1,"[5, 5, 4, 5, 6, 0, 6, 5, 4, 4, 1, 0, 4, 0, 5, 1, 0]"
medical,ARO-APO,5,82.89,0.5,0.4256,0.4211,5188.874710321426,0,0,6,1,"[4, 5, 4, 5, 0, 1, 6, 5, 4, 4, 0, 1, 4, 1, 5, 1, 1]"
medical,ARO-APO,2,82.88999999999999,0.4999999999999999,0.4256,0.4211,6312.531342744827,0,0,13,1,"[5, 5, 4, 5, 6, 1, 6, 5, 2, 4, 1, 0, 4, 1, 0, 1, 1]"
medical,ARO-APO,9,82.89,0.5,0.4256,0.4211,7045.156140327454,0,0,14,1,"[5, 5, 4, 5, 5, 1, 6, 5, 0, 4, 0, 1, 4, 1, 4, 0, 1]"
medical,ARO-APO,1,82.39980392156862,0.4901960784313725,0.4256,0.4211,8222.881305932999,0,0,19,1,"[5, 5, 4, 5, 5, 1, 2, 5, 4, 4, 0, 0, 4, 1, 3, 1, 1]"
medical,ARO-APO,3,81.90960784313725,0.480392156862745,0.4256,0.4211,9449.851135015488,0,0,22,1,"[5, 5, 4, 5, 5, 1, 0, 5, 2, 4, 0, 1, 4, 1, 5, 1, 1]"
medical,ARO-APO,8,82.89,0.5,0.4256,0.4211,9956.52058339119,0,0,24,1,"[5, 5, 4, 5, 5, 1, 6, 5, 3, 0, 0, 0, 4, 1, 5, 1, 1]"
medical,ARO-APO,11,82.89,0.5,0.4256,0.4211,5551.770809173584,0,0,8,1,"[5, 5, 4, 5, 6, 1, 5, 5, 4, 0, 0, 0, 4, 1, 5, 0, 1]"
medical,ARO-APO,4,82.89,0.5,0.4256,0.4211,10197.468746900558,0,0,26,1,"[5, 5, 4, 5, 5, 1, 5, 5, 2, 4, 0, 0, 4, 1, 5, 0, 0]"
medical,ARO-APO,10,81.90960784313725,0.480392156862745,0.4256,0.4211,10350.177908182144,0,0,26,1,"[5, 5, 4, 5, 2, 1, 5, 5, 4, 4, 0, 0, 4, 1, 2, 1, 1]"
medical,ARO-APO,7,82.39980392156863,0.4901960784313726,0.4256,0.4211,11977.676601171494,0,0,30,1,"[5, 5, 4, 5, 6, 1, 4, 5, 2, 2, 1, 1, 4, 1, 3, 1, 0]"
medical,ARO-APO,13,82.89,0.5,0.4256,0.4211,6279.402379989624,0,0,11,1,"[5, 5, 3, 5, 3, 1, 5, 5, 4, 2, 1, 1, 4, 0, 5, 1, 1]"
medical,ARO-APO,12,81.41941176470588,0.4705882352941177,0.4256,0.4211,8916.46597456932,0,0,20,1,"[5, 5, 4, 5, 5, 1, 1, 5, 2, 1, 1, 1, 4, 1, 5, 1, 1]"
medical,ARO-APO,19,83.87039215686275,0.5196078431372549,0.4256,0.4211,5642.15501499176,0,0,8,1,"[5, 5, 4, 5, 4, 0, 6, 5, 4, 4, 0, 0, 4, 1, 5, 0, 1]"
medical,ARO-APO,14,82.89,0.5,0.4256,0.4211,9016.871480703354,0,0,22,1,"[5, 5, 3, 5, 5, 0, 5, 5, 4, 1, 1, 1, 4, 0, 5, 1, 1]"
medical,ARO-APO,18,82.89000000000001,0.5000000000000001,0.4256,0.4211,5959.381809234619,0,0,9,1,"[5, 5, 4, 5, 3, 1, 6, 5, 4, 0, 1, 1, 4, 1, 5, 1, 0]"
medical,ARO-APO,17,82.39980392156863,0.4901960784313726,0.4256,0.4211,6756.3353707790375,0,0,10,1,"[5, 5, 4, 5, 6, 1, 1, 5, 4, 4, 1, 1, 4, 1, 1, 1, 1]"
medical,ARO-APO,15,82.39980392156862,0.4901960784313725,0.4256,0.4211,10389.691856622696,0,0,26,1,"[5, 5, 4, 5, 5, 1, 6, 5, 4, 2, 0, 1, 4, 1, 1, 1, 0]"
medical,ARO-APO,20,81.90960784313725,0.4803921568627451,0.4256,0.4211,9277.791464090347,0,0,22,1,"[5, 5, 4, 5, 6, 1, 2, 5, 2, 4, 1, 1, 4, 1, 1, 1, 1]"
medical,ARO-APO,16,82.89,0.5,0.4256,0.4211,11170.236719846724,0,0,29,1,"[5, 5, 4, 5, 6, 1, 5, 5, 4, 0, 0, 0, 4, 1, 5, 0, 1]"
medical,ARO-APO,23,83.38019607843138,0.5098039215686275,0.4256,0.4211,6521.184489488602,0,0,11,1,"[5, 5, 4, 5, 6, 1, 5, 5, 0, 4, 1, 0, 4, 1, 5, 0, 1]"
medical,ARO-APO,21,82.39980392156863,0.4901960784313726,0.4256,0.4211,8930.71860575676,0,0,22,1,"[5, 5, 4, 5, 6, 1, 5, 5, 0, 0, 1, 1, 4, 1, 5, 1, 1]"
medical,ARO-APO,22,83.87039215686275,0.5196078431372549,0.4256,0.4211,8661.659336090088,0,0,20,1,"[5, 5, 4, 5, 6, 0, 5, 5, 4, 4, 0, 0, 4, 1, 5, 0, 0]"
medical,ARO-APO,27,82.39980392156863,0.4901960784313726,0.4256,0.4211,5991.142076253891,0,0,11,1,"[5, 5, 4, 5, 6, 1, 1, 5, 4, 0, 1, 1, 4, 1, 5, 1, 1]"
medical,ARO-APO,25,83.87039215686275,0.5196078431372549,0.4256,0.4211,6959.424841403961,0,0,13,1,"[5, 5, 3, 5, 6, 1, 6, 5, 4, 0, 1, 0, 4, 1, 5, 1, 1]"
medical,ARO-APO,26,82.39980392156863,0.4901960784313726,0.4256,0.4211,7149.820988416672,0,0,15,1,"[5, 5, 4, 5, 6, 1, 0, 5, 4, 4, 1, 1, 4, 1, 2, 1, 1]"
medical,GA,1,81.90960784313725,0.4803921568627451,0.4256,0.4211,3492.5244014263158,0,0,20,1,"[5, 5, 4, 5, 5, 1, 1, 5, 4, 4, 1, 1, 4, 1, 1, 1, 1]"
medical,GA,3,82.39980392156862,0.4901960784313725,0.4256,0.4211,3692.011908769608,0,0,21,1,"[5, 5, 4, 5, 5, 1, 5, 5, 2, 0, 0, 1, 4, 1, 5, 1, 1]"
medical,ARO-APO,24,83.58019607843137,0.5098039215686275,0.4256,0.4191,9420.937379598618,0,0,23,1,"[5, 5, 4, 5, 6, 1, 6, 5, 0, 4, 0, 0, 4, 1, 5, 0, 1]"
medical,ARO-APO,28,83.38019607843137,0.5098039215686274,0.4256,0.4211,6697.57866191864,0,0,10,1,"[5, 5, 4, 5, 6, 0, 6, 5, 4, 2, 1, 1, 4, 1, 2, 1, 0]"
medical,GA,4,82.89,0.5,0.4256,0.4211,2833.3530597686768,0,0,14,1,"[5, 5, 4, 5, 2, 1, 6, 4, 2, 4, 0, 1, 4, 1, 5, 1, 1]"
medical,GA,2,81.90960784313725,0.480392156862745,0.4256,0.4211,6052.076646089554,0,0,42,1,"[5, 5, 4, 5, 5, 1, 5, 5, 2, 4, 0, 1, 4, 1, 1, 1, 0]"
medical,GA,8,99932077.6280392,0.4019607843137255,0.4256,0.4247,2097.598687171936,49966,49966,2,0,"[5, 3, 1, 0, 2, 1, 3, 5, 4, 4, 1, 1, 4, 0, 5, 1, 1]"
medical,GA,6,82.39980392156862,0.4901960784313725,0.4256,0.4211,3931.352138280869,0,0,24,1,"[5, 5, 4, 5, 5, 1, 5, 5, 4, 0, 1, 1, 4, 0, 3, 1, 1]"
medical,ARO-APO,29,83.87039215686275,0.5196078431372549,0.4256,0.4211,7672.573237657547,0,0,12,1,"[5, 5, 4, 5, 4, 1, 6, 4, 4, 4, 0, 0, 4, 1, 5, 0, 1]"
medical,GA,11,99926077.42784312,0.3921568627450981,0.4256,0.4218,1913.6835906505585,49963,49963,1,0,"[5, 0, 4, 3, 2, 1, 2, 5, 4, 4, 1, 1, 2, 0, 5, 1, 0]"
medical,GA,7,82.89,0.5,0.4256,0.4211,3573.091322422028,0,0,19,1,"[5, 5, 4, 5, 3, 0, 5, 5, 4, 2, 1, 1, 4, 0, 5, 1, 1]"
medical,GA,5,81.90960784313725,0.480392156862745,0.4256,0.4211,5754.758782148361,0,0,41,1,"[5, 5, 4, 5, 5, 1, 5, 5, 4, 2, 0, 1, 4, 0, 1, 1, 1]"
medical,GA,10,81.41941176470588,0.4705882352941176,0.4256,0.4211,4138.661336183548,0,0,26,1,"[5, 5, 4, 5, 4, 1, 5, 5, 4, 0, 0, 1, 4, 1, 2, 1, 1]"
medical,GA,15,83.38019607843138,0.5098039215686275,0.4256,0.4211,2344.891147851944,0,0,10,1,"[5, 5, 3, 5, 6, 1, 4, 4, 1, 4, 1, 1, 4, 1, 5, 1, 1]"
medical,ARO-APO,30,82.39980392156863,0.4901960784313726,0.4256,0.4211,9092.531872272491,0,0,19,1,"[5, 5, 4, 5, 0, 0, 5, 5, 3, 4, 1, 1, 4, 1, 5, 1, 1]"
medical,GA,14,81.90960784313725,0.4803921568627451,0.4256,0.4211,3383.166532754898,0,0,19,1,"[5, 5, 4, 5, 5, 1, 2, 5, 0, 4, 1, 1, 4, 1, 4, 1, 1]"
medical,GA,16,81.90960784313725,0.480392156862745,0.4256,0.4211,3353.059331178665,0,0,18,1,"[5, 5, 4, 5, 5, 1, 2, 5, 2, 2, 0, 1, 4, 1, 5, 1, 1]"
medical,GA,9,81.90960784313725,0.4803921568627451,0.4256,0.4211,5883.725467920303,0,0,41,1,"[5, 5, 4, 5, 5, 1, 4, 5, 0, 4, 1, 1, 4, 1, 2, 1, 1]"
medical,GA,12,81.90960784313725,0.4803921568627451,0.4256,0.4211,4650.571043729782,0,0,30,1,"[5, 5, 4, 5, 2, 1, 5, 5, 3, 1, 1, 1, 4, 1, 4, 1, 1]"
medical,GA,18,82.89,0.5,0.4256,0.4211,3111.4227793216705,0,0,17,1,"[5, 5, 4, 5, 6, 1, 3, 5, 1, 2, 1, 1, 4, 1, 5, 1, 1]"
medical,GA,17,81.90960784313725,0.480392156862745,0.4256,0.4211,4652.71191573143,0,0,32,1,"[5, 5, 4, 5, 5, 1, 2, 5, 3, 4, 1, 1, 4, 0, 2, 1, 1]"
medical,GA,13,81.41941176470588,0.4705882352941177,0.4256,0.4211,5347.401263475418,0,0,34,1,"[5, 5, 4, 5, 5, 1, 2, 5, 4, 2, 1, 1, 4, 1, 1, 1, 1]"
medical,GA,20,83.87039215686275,0.5196078431372549,0.4256,0.4211,2990.1465463638306,0,0,15,1,"[4, 5, 4, 5, 5, 1, 6, 5, 4, 3, 0, 1, 4, 0, 5, 0, 1]"
medical,GA,21,82.89,0.5,0.4256,0.4211,3599.3678839206696,0,0,21,1,"[4, 5, 4, 5, 5, 1, 6, 5, 4, 1, 1, 1, 4, 1, 2, 1, 1]"
medical,GA,19,82.39980392156862,0.4901960784313725,0.4256,0.4211,5185.531803131104,0,0,34,1,"[5, 5, 4, 5, 5, 0, 5, 5, 1, 2, 1, 1, 4, 1, 4, 1, 1]"
medical,GA,22,81.90960784313725,0.480392156862745,0.4256,0.4211,4176.089684963226,0,0,25,1,"[5, 5, 4, 5, 5, 1, 5, 5, 0, 2, 1, 1, 4, 1, 3, 1, 1]"
medical,GA,23,82.39980392156863,0.4901960784313726,0.4256,0.4211,4248.740421533585,0,0,28,1,"[5, 5, 4, 5, 5, 1, 4, 5, 0, 4, 0, 1, 4, 0, 5, 1, 1]"
medical,GA,24,82.39980392156863,0.4901960784313726,0.4256,0.4211,4252.608094215393,0,0,26,1,"[5, 5, 3, 5, 1, 1, 6, 5, 4, 2, 0, 1, 4, 1, 5, 1, 1]"
medical,GA,26,81.90960784313725,0.4803921568627451,0.4256,0.4211,3862.618312835693,0,0,25,1,"[4, 5, 4, 5, 5, 1, 2, 5, 4, 4, 1, 1, 4, 1, 1, 1, 1]"
medical,GA,29,81.41941176470588,0.4705882352941176,0.4256,0.4211,3184.182788133621,0,0,17,1,"[5, 5, 4, 5, 5, 1, 5, 5, 2, 2, 1, 1, 4, 0, 1, 1, 1]"
medical,GA,30,82.39980392156863,0.4901960784313726,0.4256,0.4211,2531.654510736465,0,0,10,1,"[5, 5, 3, 5, 5, 1, 2, 5, 4, 2, 1, 1, 4, 0, 5, 1, 1]"
medical,GA,28,82.89000000000001,0.5000000000000001,0.4256,0.4211,3907.8381428718567,0,0,23,1,"[5, 5, 4, 5, 5, 1, 6, 4, 4, 1, 1, 1, 4, 1, 2, 1, 1]"
medical,PSO,2,82.39980392156863,0.4901960784313726,0.4256,0.4211,1569.0309677124023,0,0,4,1,"[5, 5, 4, 5, 5, 1, 5, 5, 4, 0, 0, 1, 4, 0, 5, 0, 1]"
medical,PSO,1,82.39980392156863,0.4901960784313726,0.4256,0.4211,1725.339604139328,0,0,6,1,"[5, 5, 4, 5, 2, 1, 6, 5, 4, 0, 1, 1, 4, 0, 5, 1, 1]"
medical,PSO,3,83.38019607843137,0.5098039215686274,0.4256,0.4211,1516.241346359253,0,0,4,1,"[5, 5, 4, 5, 1, 1, 6, 5, 4, 4, 1, 0, 4, 0, 5, 1, 1]"
medical,GA,25,82.39980392156863,0.4901960784313726,0.4256,0.4211,5107.252343654633,0,0,32,1,"[5, 5, 4, 5, 5, 0, 2, 5, 2, 4, 1, 1, 4, 1, 5, 0, 1]"
medical,PSO,4,83.38019607843137,0.5098039215686274,0.4256,0.4211,2000.6957170963287,0,0,7,1,"[5, 5, 4, 5, 6, 0, 2, 5, 4, 4, 0, 0, 4, 1, 5, 1, 1]"
medical,PSO,6,82.89,0.5,0.4256,0.4211,1657.6935896873474,0,0,4,1,"[5, 5, 4, 5, 5, 1, 0, 5, 4, 4, 1, 1, 4, 0, 5, 1, 1]"
medical,PSO,7,84.36058823529413,0.5294117647058825,0.4256,0.4211,1844.54193520546,0,0,6,1,"[5, 5, 4, 5, 6, 1, 6, 4, 4, 4, 0, 1, 4, 0, 5, 0, 0]"
medical,PSO,5,82.39980392156863,0.4901960784313726,0.4256,0.4211,2036.604566574097,0,0,8,1,"[5, 5, 4, 5, 6, 1, 2, 5, 0, 4, 0, 1, 4, 1, 5, 1, 1]"
medical,GA,27,81.41941176470588,0.4705882352941176,0.4256,0.4211,5493.72766494751,0,0,34,1,"[5, 5, 4, 5, 5, 1, 5, 5, 0, 2, 1, 1, 4, 1, 2, 1, 1]"
medical,PSO,10,82.39980392156863,0.4901960784313726,0.4256,0.4211,1872.216049671173,0,0,7,1,"[5, 5, 4, 5, 6, 1, 1, 5, 0, 4, 1, 1, 4, 1, 5, 1, 1]"
medical,PSO,8,83.38019607843137,0.5098039215686274,0.4256,0.4211,1965.700616121292,0,0,7,1,"[5, 5, 4, 5, 6, 1, 6, 5, 4, 4, 1, 0, 4, 1, 0, 0, 1]"
medical,PSO,11,11638079.398431374,0.4215686274509805,0.4256,0.4168,1830.2884674072263,5887,5751,5,0,"[5, 5, 4, 5, 0, 1, 0, 5, 0, 4, 1, 1, 4, 1, 5, 1, 1]"
medical,PSO,12,81.90960784313725,0.480392156862745,0.4256,0.4211,1799.2763121128082,0,0,6,1,"[5, 5, 4, 5, 1, 1, 5, 5, 0, 4, 1, 1, 4, 1, 5, 1, 1]"
medical,PSO,13,1084.8507843137256,0.5392156862745098,0.4256,0.4211,1331.7299175262451,0,1,4,0,"[5, 5, 0, 5, 6, 1, 6, 5, 4, 4, 1, 1, 4, 1, 5, 1, 1]"
medical,PSO,14,83.38019607843138,0.5098039215686275,0.4256,0.4211,1386.3282403945925,0,0,4,1,"[5, 5, 4, 5, 6, 1, 5, 5, 1, 4, 1, 1, 4, 1, 4, 0, 0]"
medical,PSO,16,82.39980392156863,0.4901960784313726,0.4256,0.4211,1311.5482289791107,0,0,4,1,"[5, 5, 4, 5, 6, 1, 0, 5, 1, 4, 1, 1, 4, 1, 5, 1, 1]"
medical,PSO,15,82.89,0.5,0.4256,0.4211,1920.1563425064087,0,0,10,1,"[5, 5, 4, 5, 6, 0, 2, 5, 2, 4, 1, 1, 4, 1, 5, 1, 0]"
medical,PSO,22,83.38019607843138,0.5098039215686275,0.4256,0.4211,1313.3030898571014,0,0,3,1,"[5, 5, 4, 5, 5, 0, 6, 5, 4, 0, 1, 1, 4, 1, 5, 1, 0]"
medical,PSO,19,84.8507843137255,0.5392156862745099,0.4256,0.4211,2006.3279337883,0,0,13,1,"[5, 5, 4, 5, 6, 1, 6, 5, 0, 4, 1, 1, 4, 1, 5, 1, 1]"
medical,PSO,23,1084.8507843137256,0.5392156862745098,0.4256,0.4211,1549.4692599773407,0,1,6,0,"[5, 5, 0, 5, 6, 1, 6, 5, 4, 4, 1, 1, 4, 1, 5, 1, 1]"
medical,PSO,18,82.39980392156863,0.4901960784313726,0.4256,0.4211,2279.864889383316,0,0,14,1,"[5, 5, 4, 5, 5, 0, 0, 5, 4, 4, 0, 1, 4, 1, 5, 1, 1]"
medical,PSO,21,82.39980392156863,0.4901960784313726,0.4256,0.4211,2035.0166878700256,0,0,11,1,"[5, 5, 4, 5, 6, 1, 2, 5, 4, 0, 0, 1, 4, 1, 5, 1, 1]"
medical,PSO,17,100000057.44,0.0,0.4256,0.4256,2791.743845939636,50000,50000,5,0,"[0, 0, 0, 0, 0, 0, 0, 0, 0, 0, 0, 0, 0, 0, 0, 0, 0]"
medical,PSO,20,81.90960784313725,0.480392156862745,0.4256,0.4211,2276.711261510849,0,0,14,1,"[5, 5, 4, 5, 5, 1, 2, 5, 4, 4, 0, 0, 4, 1, 2, 1, 1]"
medical,PSO,9,100000057.44,0.0,0.4256,0.4256,4745.337989807129,50000,50000,14,0,"[0, 0, 0, 0, 0, 0, 0, 0, 0, 0, 0, 0, 0, 0, 0, 0, 0]"
medical,PSO,25,82.89,0.5,0.4256,0.4211,1606.2884347438812,0,0,7,1,"[5, 5, 4, 5, 5, 1, 6, 5, 4, 0, 0, 0, 4, 1, 5, 1, 0]"
medical,PSO,26,82.88999999999999,0.4999999999999999,0.4256,0.4211,1353.148226261139,0,0,4,1,"[5, 5, 4, 5, 5, 1, 6, 5, 4, 4, 0, 0, 4, 1, 1, 0, 1]"
medical,PSO,24,100000059.90078431,0.0392156862745098,0.4256,0.4206,2408.8651978969574,50000,50000,4,0,"[0, 0, 4, 0, 0, 0, 0, 0, 0, 0, 0, 0, 0, 0, 0, 0, 0]"
medical,PSO,28,81.41941176470588,0.4705882352941176,0.4256,0.4211,1504.2799742221832,0,0,7,1,"[5, 5, 4, 5, 4, 1, 5, 5, 4, 0, 0, 1, 4, 1, 2, 1, 1]"
medical,PSO,30,84.36058823529412,0.5294117647058824,0.4256,0.4211,1415.175261259079,0,0,6,1,"[5, 5, 4, 5, 6, 1, 6, 5, 4, 4, 1, 1, 0, 1, 4, 1, 1]"
medical,PSO,29,82.39980392156863,0.4901960784313726,0.4256,0.4211,1890.5471713542936,0,0,13,1,"[5, 5, 3, 5, 0, 1, 5, 5, 4, 4, 1, 0, 4, 1, 5, 1, 1]"
medical,PSO,27,100000058.49019608,0.0098039215686274,0.4256,0.42,3290.690029144287,50000,50000,14,0,"[0, 0, 0, 0, 0, 0, 0, 0, 0, 0, 0, 0, 0, 1, 0, 0, 0]"
